energy,unc_en,intensity,unc_i,start_level_hl,start_level_energy,end_level_hl,end_level_energy,multipolarity,mixing_ratio,unc_mr,conversion_coeff,unc_cc,p_z,p_n,p_symbol,p_energy_shift,p_energy,unc_pe,jp,half_life,operator_hl,unc_hl,unit_hl,half_life_sec,unc_hls,decay,decay_%,unc_d,q,unc_q,d_z,d_n,d_symbol,ensdf_publication_cut-off,ensdf_authors,Extraction_date
2.1726,0.0004,,,21625.92,142.6836,0.000000000205,140.5110,E3,,,1.4E+10,,42,57,Mo,,0,,1/2+,65.924,,6,h,237326.4,21.6,B-,100,,1357.8,9,43,56,Tc,1-Jul-2017,E. BROWNE and  J. K. TULI,2026-09-18
40.58323,0.00017,1.03822,0.03340127925693865,0.00000000344,181.0939,0.000000000205,140.5110,M1(+E2),0.008,8,3.72,,42,57,Mo,,0,,1/2+,65.924,,6,h,237326.4,21.6,B-,100,,1357.8,9,43,56,Tc,1-Jul-2017,E. BROWNE and  J. K. TULI,2026-09-18
89.4,0.2,0.00305,0.0020743856921990184,,,,,,,,,,42,57,Mo,,0,,1/2+,65.924,,6,h,237326.4,21.6,B-,100,,1357.8,9,43,56,Tc,1-Jul-2017,E. BROWNE and  J. K. TULI,2026-09-18
140.511,0.001,,,0.000000000205,140.5110,6661667073236.371,0,M1+E2,0.13,4,0.113,,42,57,Mo,,0,,1/2+,65.924,,6,h,237326.4,21.6,B-,100,,1357.8,9,43,56,Tc,1-Jul-2017,E. BROWNE and  J. K. TULI,2026-09-18
142.675,0.025,,,21625.92,142.6836,6661667073236.371,0,M4,,,40.2,,42,57,Mo,,0,,1/2+,65.924,,6,h,237326.4,21.6,B-,100,,1357.8,9,43,56,Tc,1-Jul-2017,E. BROWNE and  J. K. TULI,2026-09-18
158.782,0.015,0.017568,0.000767403518365664,0.0000000001,920.637,,761.950,,,,,,42,57,Mo,,0,,1/2+,65.924,,6,h,237326.4,21.6,B-,100,,1357.8,9,43,56,Tc,1-Jul-2017,E. BROWNE and  J. K. TULI,2026-09-18
162.37,0.015,0.011956,0.0006298303263578216,,671.500,,509.125,,,,,,42,57,Mo,,0,,1/2+,65.924,,6,h,237326.4,21.6,B-,100,,1357.8,9,43,56,Tc,1-Jul-2017,E. BROWNE and  J. K. TULI,2026-09-18
181.068,0.008,6.0512,0.11658117172168068,0.00000000344,181.0939,6661667073236.371,0,E2(+M3),-0.002,7,0.1480,,42,57,Mo,,0,,1/2+,65.924,,6,h,237326.4,21.6,B-,100,,1357.8,9,43,56,Tc,1-Jul-2017,E. BROWNE and  J. K. TULI,2026-09-18
242.29,0.08,0.002562,0.0004891553536454446,,1004.075,,761.950,[E1],,,0.01049,,42,57,Mo,,0,,1/2+,65.924,,6,h,237326.4,21.6,B-,100,,1357.8,9,43,56,Tc,1-Jul-2017,E. BROWNE and  J. K. TULI,2026-09-18
249.03,0.03,0.003904,0.0004906785505807238,0.0000000001,920.637,,671.500,,,,,,42,57,Mo,,0,,1/2+,65.924,,6,h,237326.4,21.6,B-,100,,1357.8,9,43,56,Tc,1-Jul-2017,E. BROWNE and  J. K. TULI,2026-09-18
366.421,0.015,1.20048,0.02414049576955701,,509.125,21625.92,142.6836,M1,,,0.00902,,42,57,Mo,,0,,1/2+,65.924,,6,h,237326.4,21.6,B-,100,,1357.8,9,43,56,Tc,1-Jul-2017,E. BROWNE and  J. K. TULI,2026-09-18
380.13,0.08,0.010492,0.0008650143120203272,,1141.862,,761.950,M1+E2,1.3,6,0.0104,,42,57,Mo,,0,,1/2+,65.924,,6,h,237326.4,21.6,B-,100,,1357.8,9,43,56,Tc,1-Jul-2017,E. BROWNE and  J. K. TULI,2026-09-18
391.7,0.4,0.003172,0.0006114168463495261,,534.44,21625.92,142.6836,,,,,,42,57,Mo,,0,,1/2+,65.924,,6,h,237326.4,21.6,B-,100,,1357.8,9,43,56,Tc,1-Jul-2017,E. BROWNE and  J. K. TULI,2026-09-18
410.27,0.1,0.001952,0.0003668942081854114,,1172.22,,761.950,M1(+E2),0.5,5,0.0073,,42,57,Mo,,0,,1/2+,65.924,,6,h,237326.4,21.6,B-,100,,1357.8,9,43,56,Tc,1-Jul-2017,E. BROWNE and  J. K. TULI,2026-09-18
411.491,0.015,0.015006,0.0007579935619779366,0.0000000001,920.637,,509.125,E1,,,0.00255,,42,57,Mo,,0,,1/2+,65.924,,6,h,237326.4,21.6,B-,100,,1357.8,9,43,56,Tc,1-Jul-2017,E. BROWNE and  J. K. TULI,2026-09-18
455.84,0.13,0.001342,0.0006102538488203086,,,,,,,,,,42,57,Mo,,0,,1/2+,65.924,,6,h,237326.4,21.6,B-,100,,1357.8,9,43,56,Tc,1-Jul-2017,E. BROWNE and  J. K. TULI,2026-09-18
457.6,0.03,0.008174,0.000619347915149474,,1129.123,,671.500,M1 E2,,,0.0059,,42,57,Mo,,0,,1/2+,65.924,,6,h,237326.4,21.6,B-,100,,1357.8,9,43,56,Tc,1-Jul-2017,E. BROWNE and  J. K. TULI,2026-09-18
469.63,0.07,0.002684,0.0004892678611967069,,1004.075,,534.44,,,,,,42,57,Mo,,0,,1/2+,65.924,,6,h,237326.4,21.6,B-,100,,1357.8,9,43,56,Tc,1-Jul-2017,E. BROWNE and  J. K. TULI,2026-09-18
490.53,0.15,0.001098,0.00036628316914649517,,,,,,,,,,42,57,Mo,,0,,1/2+,65.924,,6,h,237326.4,21.6,B-,100,,1357.8,9,43,56,Tc,1-Jul-2017,E. BROWNE and  J. K. TULI,2026-09-18
528.788,0.015,0.053192,0.00195845494203977,,671.500,21625.92,142.6836,M1 E2,,,0.0040,,42,57,Mo,,0,,1/2+,65.924,,6,h,237326.4,21.6,B-,100,,1357.8,9,43,56,Tc,1-Jul-2017,E. BROWNE and  J. K. TULI,2026-09-18
537.79,0.15,0.003294,0.0006115277916824386,,1072.23,,534.44,,,,,,42,57,Mo,,0,,1/2+,65.924,,6,h,237326.4,21.6,B-,100,,1357.8,9,43,56,Tc,1-Jul-2017,E. BROWNE and  J. K. TULI,2026-09-18
580.51,0.07,0.003172,0.0004897699051595555,,761.950,0.00000000344,181.0939,,,,,,42,57,Mo,,0,,1/2+,65.924,,6,h,237326.4,21.6,B-,100,,1357.8,9,43,56,Tc,1-Jul-2017,E. BROWNE and  J. K. TULI,2026-09-18
581.3,0.12,0.000976,0.0004881678399894856,,,,,,,,,,42,57,Mo,,0,,1/2+,65.924,,6,h,237326.4,21.6,B-,100,,1357.8,9,43,56,Tc,1-Jul-2017,E. BROWNE and  J. K. TULI,2026-09-18
599.6,0.5,0.002074,0.0009763789428290637,,,,,,,,,,42,57,Mo,,0,,1/2+,65.924,,6,h,237326.4,21.6,B-,100,,1357.8,9,43,56,Tc,1-Jul-2017,E. BROWNE and  J. K. TULI,2026-09-18
620.03,0.04,0.027938,0.0013911193191096154,,1129.123,,509.125,,,,,,42,57,Mo,,0,,1/2+,65.924,,6,h,237326.4,21.6,B-,100,,1357.8,9,43,56,Tc,1-Jul-2017,E. BROWNE and  J. K. TULI,2026-09-18
621.771,0.024,0.0183,0.003667860411738702,,761.950,0.000000000205,140.5110,,,,,,42,57,Mo,,0,,1/2+,65.924,,6,h,237326.4,21.6,B-,100,,1357.8,9,43,56,Tc,1-Jul-2017,E. BROWNE and  J. K. TULI,2026-09-18
689.6,0.9,0.000427,0.00018308566301051537,,1198.88,,509.125,,,,,,42,57,Mo,,0,,1/2+,65.924,,6,h,237326.4,21.6,B-,100,,1357.8,9,43,56,Tc,1-Jul-2017,E. BROWNE and  J. K. TULI,2026-09-18
739.5,0.017,12.2,0.16,0.0000000001,920.637,0.00000000344,181.0939,E2,,,1.71E-3,,42,57,Mo,,0,,1/2+,65.924,,6,h,237326.4,21.6,B-,100,,1357.8,9,43,56,Tc,1-Jul-2017,E. BROWNE and  J. K. TULI,2026-09-18
761.77,0.08,0.0004026,0.00003697889127596986,,761.950,6661667073236.371,0,,,,,,42,57,Mo,,0,,1/2+,65.924,,6,h,237326.4,21.6,B-,100,,1357.8,9,43,56,Tc,1-Jul-2017,E. BROWNE and  J. K. TULI,2026-09-18
777.921,0.02,4.3066,0.08313236674123983,0.0000000001,920.637,21625.92,142.6836,E1,,,5.85E-4,,42,57,Mo,,0,,1/2+,65.924,,6,h,237326.4,21.6,B-,100,,1357.8,9,43,56,Tc,1-Jul-2017,E. BROWNE and  J. K. TULI,2026-09-18
822.972,0.015,0.1342,0.003008521231435803,,1004.075,0.00000000344,181.0939,E1,,,5.21E-4,,42,57,Mo,,0,,1/2+,65.924,,6,h,237326.4,21.6,B-,100,,1357.8,9,43,56,Tc,1-Jul-2017,E. BROWNE and  J. K. TULI,2026-09-18
861.2,0.9,0.000732,0.0003661258799921142,,1004.075,21625.92,142.6836,,,,,,42,57,Mo,,0,,1/2+,65.924,,6,h,237326.4,21.6,B-,100,,1357.8,9,43,56,Tc,1-Jul-2017,E. BROWNE and  J. K. TULI,2026-09-18
960.754,0.02,0.09516,0.0027406393414676072,,1141.862,0.00000000344,181.0939,,,,,,42,57,Mo,,0,,1/2+,65.924,,6,h,237326.4,21.6,B-,100,,1357.8,9,43,56,Tc,1-Jul-2017,E. BROWNE and  J. K. TULI,2026-09-18
986.44,0.04,0.001464,0.0004883775588619936,,1129.123,21625.92,142.6836,,,,,,42,57,Mo,,0,,1/2+,65.924,,6,h,237326.4,21.6,B-,100,,1357.8,9,43,56,Tc,1-Jul-2017,E. BROWNE and  J. K. TULI,2026-09-18
1001.343,0.018,0.00549,0.0004932828803029759,,1141.862,0.000000000205,140.5110,,,,,,42,57,Mo,,0,,1/2+,65.924,,6,h,237326.4,21.6,B-,100,,1357.8,9,43,56,Tc,1-Jul-2017,E. BROWNE and  J. K. TULI,2026-09-18
1017,0.5,0.00061,0.00024413111231467405,,1198.88,0.00000000344,181.0939,,,,,,42,57,Mo,,0,,1/2+,65.924,,6,h,237326.4,21.6,B-,100,,1357.8,9,43,56,Tc,1-Jul-2017,E. BROWNE and  J. K. TULI,2026-09-18
1056.2,0.05,0.0010858,0.00008657908292422598,,1198.88,21625.92,142.6836,,,,,,42,57,Mo,,0,,1/2+,65.924,,6,h,237326.4,21.6,B-,100,,1357.8,9,43,56,Tc,1-Jul-2017,E. BROWNE and  J. K. TULI,2026-09-18
2.586,,0.19656159279459645,0.007017049820493944,,,,,,,,,,42,57,Mo,,0,,1/2+,65.924,,6,h,237326.4,21.6,B-,100,,1357.8,9,43,56,Tc,1-Jul-2017,E. BROWNE and  J. K. TULI,2026-09-18
18.25,,0.931189981806759,0.028065825418381696,,,,,,,,,,42,57,Mo,,0,,1/2+,65.924,,6,h,237326.4,21.6,B-,100,,1357.8,9,43,56,Tc,1-Jul-2017,E. BROWNE and  J. K. TULI,2026-09-18
18.367,,1.770659786664307,0.05269924481225436,,,,,,,,,,42,57,Mo,,0,,1/2+,65.924,,6,h,237326.4,21.6,B-,100,,1357.8,9,43,56,Tc,1-Jul-2017,E. BROWNE and  J. K. TULI,2026-09-18
20.695,,0.47060716606270636,0.01467813181775376,,,,,,,,,,42,57,Mo,,0,,1/2+,65.924,,6,h,237326.4,21.6,B-,100,,1357.8,9,43,56,Tc,1-Jul-2017,E. BROWNE and  J. K. TULI,2026-09-18
20.82,,0.544963098300614,0.016833616240324728,,,,,,,,,,42,57,Mo,,0,,1/2+,65.924,,6,h,237326.4,21.6,B-,100,,1357.8,9,43,56,Tc,1-Jul-2017,E. BROWNE and  J. K. TULI,2026-09-18
21.003,,0.07435593223790761,0.0033038175416162797,,,,,,,,,,42,57,Mo,,0,,1/2+,65.924,,6,h,237326.4,21.6,B-,100,,1357.8,9,43,56,Tc,1-Jul-2017,E. BROWNE and  J. K. TULI,2026-09-18

